source,target,weight,evidence,sign,input_form,log2FC,padj
ERalpha,PGR,4,CUT&RUN_FDR<0.05,Activator,Hill_activator,0.723678645939088,0.0404340323584655
ERalpha,NR2F1,1,CUT&RUN_FDR<0.05,Repressor,Hill_repressor,-0.807141522428094,0.0732340700681788
ERalpha,ODC1,1,CUT&RUN_FDR<0.05,Activator,Hill_activator,0.714084542246331,0.176329634566124
ERalpha,SOX18,1,CUT&RUN_FDR<0.05,Activator,Hill_activator,1.43359180956965,0.258748208074183
ERalpha,RREB1,1,CUT&RUN_FDR<0.05,Repressor,Hill_repressor,-0.50915394058327,0.474959717039551
ERalpha,ZXDC,1,CUT&RUN_FDR<0.05,Activator,Hill_activator,0.633612769239913,0.542746668754725
ERalpha,ZSCAN20,1,CUT&RUN_FDR<0.05,Repressor,Hill_repressor,-1.12327589395372,0.619468363202423
ERalpha,SMAD3,1,CUT&RUN_FDR<0.05,Activator,Hill_activator,0.451172799128478,0.690265714696507
ERalpha,MYCN,1,CUT&RUN_FDR<0.05,Activator,Hill_activator,0.897694801351382,0.714169565581883
ERalpha,ZMAT4,2,CUT&RUN_FDR<0.05,Activator,Hill_activator,0.629697279975319,0.808973509371165
ERalpha,PROX1,1,CUT&RUN_FDR<0.05,Repressor,Hill_repressor,-0.503059507129288,0.867134737560008
ERalpha,SALL1,1,CUT&RUN_FDR<0.05,Activator,Hill_activator,0.62015433032226,0.921469228070802
ERalpha,FOXQ1,1,CUT&RUN_FDR<0.05,Activator,Hill_activator,1.01427064319454,0.983422362305592
ERalpha,EPAS1,1,CUT&RUN_FDR<0.05,Activator,Hill_activator,0.252713577550358,0.999691877886574
ERalpha,AGAP2,1,CUT&RUN_FDR<0.05,Activator,Hill_activator,0.021390742388425,0.999941599553479
ERalpha,AR,1,CUT&RUN_FDR<0.05,Repressor,Hill_repressor,-0.00255775267488068,0.999941599553479
ERalpha,CREB1,1,CUT&RUN_FDR<0.05,Repressor,Hill_repressor,-0.0252271138242593,0.999941599553479
ERalpha,DUSP26,1,CUT&RUN_FDR<0.05,Repressor,Hill_repressor,-0.2467900663987,0.999941599553479
ERalpha,EGR3,1,CUT&RUN_FDR<0.05,Activator,Hill_activator,0.27037929383454,0.999941599553479
ERalpha,FOXN2,1,CUT&RUN_FDR<0.05,Repressor,Hill_repressor,-0.0379083526727097,0.999941599553479
ERalpha,ID4,1,CUT&RUN_FDR<0.05,Repressor,Hill_repressor,-0.134526614807874,0.999941599553479
ERalpha,IKZF2,1,CUT&RUN_FDR<0.05,Repressor,Hill_repressor,-0.354150201402364,0.999941599553479
ERalpha,JAZF1,1,CUT&RUN_FDR<0.05,Activator,Hill_activator,0.0225135079597425,0.999941599553479
ERalpha,KCNIP1,1,CUT&RUN_FDR<0.05,Activator,Hill_activator,0.114305486432134,0.999941599553479
ERalpha,KLF12,2,CUT&RUN_FDR<0.05,Activator,Hill_activator,0.138517492587003,0.999941599553479
ERalpha,KLF4,1,CUT&RUN_FDR<0.05,Repressor,Hill_repressor,-0.320231323646525,0.999941599553479
ERalpha,KLF5,1,CUT&RUN_FDR<0.05,Activator,Hill_activator,0.118523597354843,0.999941599553479
ERalpha,KLF6,1,CUT&RUN_FDR<0.05,Repressor,Hill_repressor,-0.103629763081856,0.999941599553479
ERalpha,LHX8,1,CUT&RUN_FDR<0.05,Repressor,Hill_repressor,-0.726810393917343,0.999941599553479
ERalpha,LUZP2,1,CUT&RUN_FDR<0.05,Activator,Hill_activator,0.0964110594483004,0.999941599553479
ERalpha,MAFB,1,CUT&RUN_FDR<0.05,Activator,Hill_activator,0.443662537950931,0.999941599553479
ERalpha,MBNL2,1,CUT&RUN_FDR<0.05,Activator,Hill_activator,0.13614955097385,0.999941599553479
ERalpha,MEF2A,1,CUT&RUN_FDR<0.05,Repressor,Hill_repressor,-0.0113613647006965,0.999941599553479
ERalpha,PAXIP1,1,CUT&RUN_FDR<0.05,Activator,Hill_activator,0.131795442961156,0.999941599553479
ERalpha,PBX1,1,CUT&RUN_FDR<0.05,Repressor,Hill_repressor,-0.163473045516684,0.999941599553479
ERalpha,PIK3C3,1,CUT&RUN_FDR<0.05,Activator,Hill_activator,0.283793003607268,0.999941599553479
ERalpha,POLE4,1,CUT&RUN_FDR<0.05,Activator,Hill_activator,0.122644820048659,0.999941599553479
ERalpha,POU2F1,1,CUT&RUN_FDR<0.05,Repressor,Hill_repressor,-0.0263436102598446,0.999941599553479
ERalpha,PRDM13,1,CUT&RUN_FDR<0.05,Repressor,Hill_repressor,-0.223377841039403,0.999941599553479
ERalpha,RARA,1,CUT&RUN_FDR<0.05,Activator,Hill_activator,0.301776664854008,0.999941599553479
ERalpha,RBFOX2,1,CUT&RUN_FDR<0.05,Repressor,Hill_repressor,-0.0442446066467563,0.999941599553479
ERalpha,THOC2,1,CUT&RUN_FDR<0.05,Activator,Hill_activator,0.0882803291518897,0.999941599553479
ERalpha,TRPS1,1,CUT&RUN_FDR<0.05,Repressor,Hill_repressor,-0.128238831219419,0.999941599553479
ERalpha,UBP1,1,CUT&RUN_FDR<0.05,Repressor,Hill_repressor,-0.125105562584564,0.999941599553479
ERalpha,ZBTB20,1,CUT&RUN_FDR<0.05,Repressor,Hill_repressor,-0.0284076175010607,0.999941599553479
ERalpha,ZBTB46,1,CUT&RUN_FDR<0.05,Repressor,Hill_repressor,-0.284378318274189,0.999941599553479
ERalpha,ZFHX3,1,CUT&RUN_FDR<0.05,Activator,Hill_activator,0.0796328232182783,0.999941599553479
ERalpha,ZFP831,1,CUT&RUN_FDR<0.05,Activator,Hill_activator,0.154304831491381,0.999941599553479
ERalpha,ZIC3,1,CUT&RUN_FDR<0.05,Repressor,Hill_repressor,-0.357209597205335,0.999941599553479
NR2F1,AHDC1,1,DoRothEA_confC,Activator,Hill_activator,0.484249551395883,0.0200775415487182
RARA,NRIP1,3,DoRothEA_confA,Activator,Hill_activator,0.575154995094646,0.0594062795260415
CREB1,CYP19A1,3,DoRothEA_confA,Activator,Hill_activator,-1.66629371718077,0.061199941663694
NR2F1,CYP19A1,1,DoRothEA_confC,Repressor,Hill_repressor,-1.66629371718077,0.061199941663694
PGR,CYP19A1,3,DoRothEA_confA,Repressor,Hill_repressor,-1.66629371718077,0.061199941663694
EPAS1,ADORA2A,3,DoRothEA_confA,Activator,Hill_activator,2.15560608620735,0.0620867836799223
KLF6,TSPAN14,1,DoRothEA_confC,Activator,Hill_activator,-1.92266590554745,0.129832905660513
AR,DHX15,3,DoRothEA_confA,Activator,Hill_activator,-0.448724200706506,0.157515133487882
CREB1,ODC1,3,DoRothEA_confA,Activator,Hill_activator,0.714084542246331,0.176329634566124
KLF6,ETS2,1,DoRothEA_confC,Activator,Hill_activator,0.481357230402166,0.179693760980023
AR,PTPRM,3,DoRothEA_confA,Activator,Hill_activator,-0.582972179286386,0.207434181267047
KLF5,SPIRE2,1,DoRothEA_confC,Activator,Hill_activator,1.33128694861574,0.208821333361372
EPAS1,SERPINE1,3,DoRothEA_confA,Activator,Hill_activator,1.92436258492392,0.210381094367765
SMAD3,SERPINE1,3,DoRothEA_confA,Activator,Hill_activator,1.92436258492392,0.210381094367765
AR,CITED2,3,DoRothEA_confA,Activator,Hill_activator,-0.786915718216276,0.215120846484742
CREB1,BDNF,3,DoRothEA_confA,Activator,Hill_activator,1.94371192894739,0.221175001584375
MEF2A,SIPA1L1,1,DoRothEA_confC,Activator,Hill_activator,0.415111052484814,0.222400428430241
NR2F1,ATP2B3,1,DoRothEA_confC,Activator,Hill_activator,-0.336311857652756,0.258748208074183
AR,CDKL5,3,DoRothEA_confA,Activator,Hill_activator,0.601094771791321,0.333326108634363
AR,DDC,3,DoRothEA_confA,Activator,Hill_activator,0.83695741166597,0.333326108634363
MAFB,ZFP407,1,DoRothEA_confC,Activator,Hill_activator,0.51553857690282,0.348361831909132
KLF6,ERRFI1,1,DoRothEA_confC,Activator,Hill_activator,0.719527368183077,0.389146161844753
NR2F1,PLXND1,1,DoRothEA_confC,Activator,Hill_activator,0.951693275541976,0.433435824897497
MEF2A,UST,1,DoRothEA_confC,Activator,Hill_activator,0.865345927055618,0.471690278716551
NR2F1,TOP1MT,1,DoRothEA_confC,Activator,Hill_activator,-1.00446466919565,0.47391674652653
MAFB,CLIP4,1,DoRothEA_confC,Activator,Hill_activator,0.4907868281697,0.499933009904958
SMAD3,TGFB1,3,DoRothEA_confA,Repressor,Hill_repressor,1.86320429069897,0.51371390163577
PROX1,ABCB1B,1,DoRothEA_confC,Activator,Hill_activator,-1.89201554095257,0.518482597626683
NR2F1,BRSK2,1,DoRothEA_confC,Activator,Hill_activator,0.441492079941528,0.518482597626683
MAFB,TRIO,1,DoRothEA_confC,Activator,Hill_activator,0.409212227910738,0.518482597626683
MEF2A,TRIO,1,DoRothEA_confC,Activator,Hill_activator,0.409212227910738,0.518482597626683
AR,ZBTB16,3,DoRothEA_confA,Activator,Hill_activator,0.800985621534352,0.518482597626683
MEF2A,AKAP6,1,DoRothEA_confC,Activator,Hill_activator,0.339174935851906,0.522982350295275
NR2F1,SULF2,1,DoRothEA_confC,Activator,Hill_activator,0.348496120224915,0.532205081767333
NR2F1,EHMT1,1,DoRothEA_confC,Activator,Hill_activator,-0.499056876516694,0.538613229471779
CREB1,NR4A2,3,DoRothEA_confA,Activator,Hill_activator,-1.72161208739123,0.538613229471779
KLF6,WWTR1,1,DoRothEA_confC,Activator,Hill_activator,-0.527951113021293,0.542746668754725
MEF2A,WWTR1,1,DoRothEA_confC,Activator,Hill_activator,-0.527951113021293,0.542746668754725
RARA,IER3,3,DoRothEA_confA,Activator,Hill_activator,-1.5157495508604,0.549689414029698
MEF2A,UVRAG,1,DoRothEA_confC,Activator,Hill_activator,0.710444684899433,0.55912772297921
MEF2A,PRKCE,1,DoRothEA_confC,Activator,Hill_activator,0.271734148804584,0.572288817911793
MEF2A,GTDC1,1,DoRothEA_confC,Activator,Hill_activator,0.516230156823687,0.577277009608729
AR,HNRNPA1,3,DoRothEA_confA,Activator,Hill_activator,-1.05027782703014,0.577549448280286
NR2F1,MAD1L1,1,DoRothEA_confC,Activator,Hill_activator,0.867792902761315,0.577549448280286
CREB1,CPT1A,3,DoRothEA_confA,Activator,Hill_activator,-1.02119411013101,0.58014160702667
KLF5,CIRBP,1,DoRothEA_confC,Activator,Hill_activator,0.695476843285129,0.581227606893233
NR2F1,ATP11A,1,DoRothEA_confC,Activator,Hill_activator,0.444636382795919,0.582962027219252
NR2F1,COL5A1,1,DoRothEA_confC,Activator,Hill_activator,-2.38538478576446,0.614092784467888
MAFB,KLF9,1,DoRothEA_confC,Activator,Hill_activator,0.399826176191162,0.655338407575946
MEF2A,KLF9,1,DoRothEA_confC,Activator,Hill_activator,0.399826176191162,0.655338407575946
KLF6,VMP1,1,DoRothEA_confC,Activator,Hill_activator,0.488738044681504,0.669269500936261
MAFB,TNS3,1,DoRothEA_confC,Activator,Hill_activator,0.387606273265252,0.693799007174427
PROX1,TNS3,1,DoRothEA_confC,Activator,Hill_activator,0.387606273265252,0.693799007174427
KLF5,CANT1,1,DoRothEA_confC,Activator,Hill_activator,-0.588074438093577,0.708192937707611
AR,PPP2R5D,3,DoRothEA_confA,Activator,Hill_activator,0.594823381494693,0.736753846320121
NR2F1,PLXNA2,1,DoRothEA_confC,Activator,Hill_activator,0.251797996998102,0.736783072533958
POU2F1,RPTOR,3,DoRothEA_confA,Activator,Hill_activator,0.328032368414981,0.740411488754334
RARA,RPTOR,3,DoRothEA_confA,Activator,Hill_activator,0.328032368414981,0.740411488754334
MEF2A,RGS3,1,DoRothEA_confC,Activator,Hill_activator,0.735726025503127,0.743235377262055
AR,PIN1,3,DoRothEA_confA,Activator,Hill_activator,-0.555326740452265,0.746583907355747
MAFB,SRPK2,1,DoRothEA_confC,Activator,Hill_activator,0.293737439410183,0.76406676180586
NR2F1,KAZN,1,DoRothEA_confC,Activator,Hill_activator,0.253417672251554,0.767968985660256
MEF2A,HDAC9,1,DoRothEA_confC,Activator,Hill_activator,-0.456107355890304,0.769820284370309
AR,QSOX1,3,DoRothEA_confA,Activator,Hill_activator,0.853982238060646,0.772794101648029
KLF5,AGRN,1,DoRothEA_confC,Activator,Hill_activator,-0.331453419668052,0.791010509951739
AR,HK2,3,DoRothEA_confA,Activator,Hill_activator,1.22105947502671,0.795356355968867
AR,LIFR,3,DoRothEA_confA,Activator,Hill_activator,0.297407377459738,0.795356355968867
EPAS1,PDGFB,3,DoRothEA_confA,Activator,Hill_activator,1.10790920130779,0.795950415422516
CREB1,PPP2CA,3,DoRothEA_confA,Activator,Hill_activator,0.210356218111252,0.795950415422516
KLF6,EHD1,1,DoRothEA_confC,Activator,Hill_activator,0.743173089785213,0.80085818354395
AR,FKBP5,3,DoRothEA_confA,Activator,Hill_activator,0.671765231267561,0.80085818354395
NR2F1,TPCN1,1,DoRothEA_confC,Activator,Hill_activator,0.640791874671966,0.807764501129812
NR2F1,FLT4,1,DoRothEA_confC,Activator,Hill_activator,1.73839621291948,0.819836561754465
SMAD3,AHR,3,DoRothEA_confA,Activator,Hill_activator,1.07235498039201,0.825107357048616
MEF2A,KDM4C,1,DoRothEA_confC,Activator,Hill_activator,-0.294443741445073,0.825107357048616
KLF5,MKNK2,1,DoRothEA_confC,Activator,Hill_activator,0.67189290769101,0.825107357048616
MEF2A,HIVEP2,1,DoRothEA_confC,Activator,Hill_activator,-0.293173780391544,0.834591700383173
RARA,BTG2,3,DoRothEA_confA,Activator,Hill_activator,-0.972597723532557,0.838819259588455
CREB1,CGA,3,DoRothEA_confA,Activator,Hill_activator,4.90727642985871,0.83982660671825
SMAD3,BAMBI,3,DoRothEA_confA,Activator,Hill_activator,1.16097455486064,0.839994283506494
AR,VAPA,3,DoRothEA_confA,Activator,Hill_activator,0.406034763874508,0.84917365210644
MYCN,MCM7,3,DoRothEA_confA,Activator,Hill_activator,0.626691803258589,0.850023387972587
AR,SCAP,3,DoRothEA_confA,Activator,Hill_activator,-0.256018716437938,0.857724023088114
CREB1,PCK2,3,DoRothEA_confA,Activator,Hill_activator,-0.562732263558237,0.860024198450547
AR,STXBP2,3,DoRothEA_confA,Activator,Hill_activator,0.527463657842127,0.860024198450547
EPAS1,TERT,3,DoRothEA_confA,Activator,Hill_activator,1.32048376139547,0.862961605636936
SMAD3,TERT,3,DoRothEA_confA,Repressor,Hill_repressor,1.32048376139547,0.862961605636936
PROX1,SAP30BP,1,DoRothEA_confC,Activator,Hill_activator,0.707932152716682,0.864167865981626
MEF2A,MEF2C,1,DoRothEA_confC,Activator,Hill_activator,-0.28225387331923,0.865104190712928
KLF5,TECR,1,DoRothEA_confC,Activator,Hill_activator,-0.162433928827544,0.865490203452577
KLF6,TECR,1,DoRothEA_confC,Activator,Hill_activator,-0.162433928827544,0.865490203452577
CREB1,SPRY2,3,DoRothEA_confA,Activator,Hill_activator,0.54651405225234,0.867134737560008
KLF5,LTBP4,1,DoRothEA_confC,Activator,Hill_activator,-0.321701783384868,0.867430171766942
KLF6,LTBP4,1,DoRothEA_confC,Activator,Hill_activator,-0.321701783384868,0.867430171766942
MEF2A,SCHIP1,1,DoRothEA_confC,Activator,Hill_activator,-0.913155300838311,0.870084836074901
POU2F1,SNAPC1,3,DoRothEA_confA,Activator,Hill_activator,-0.380578935819526,0.870084836074901
AR,SUOX,3,DoRothEA_confA,Activator,Hill_activator,0.930946443524669,0.870084836074901
AR,VEGFA,3,DoRothEA_confA,Activator,Hill_activator,-0.579893960639911,0.870084836074901
CREB1,VEGFA,3,DoRothEA_confA,Activator,Hill_activator,-0.579893960639911,0.870084836074901
EPAS1,VEGFA,3,DoRothEA_confA,Activator,Hill_activator,-0.579893960639911,0.870084836074901
PGR,VEGFA,3,DoRothEA_confA,Activator,Hill_activator,-0.579893960639911,0.870084836074901
SMAD3,VEGFA,3,DoRothEA_confA,Activator,Hill_activator,-0.579893960639911,0.870084836074901
KLF6,ITGB1,1,DoRothEA_confC,Activator,Hill_activator,0.449411390066721,0.87207926391761
MEF2A,ITGB1,1,DoRothEA_confC,Activator,Hill_activator,0.449411390066721,0.87207926391761
KLF5,DVL1,1,DoRothEA_confC,Activator,Hill_activator,0.499897183153825,0.873890521762311
KLF6,ETS1,1,DoRothEA_confC,Activator,Hill_activator,0.835259600310084,0.873890521762311
RARA,ETS1,3,DoRothEA_confA,Activator,Hill_activator,0.835259600310084,0.873890521762311
AR,IGFBP3,3,DoRothEA_confA,Activator,Hill_activator,0.683965103395718,0.873890521762311
MEF2A,PTK2,1,DoRothEA_confC,Activator,Hill_activator,0.335152365145434,0.878194659481665
AR,AKT1,3,DoRothEA_confA,Activator,Hill_activator,0.299234605634452,0.878517707689973
MAFB,CPEB4,1,DoRothEA_confC,Activator,Hill_activator,0.25303949828741,0.878517707689973
MAFB,DAAM1,1,DoRothEA_confC,Activator,Hill_activator,0.241679666352542,0.880285260294967
MEF2A,DAAM1,1,DoRothEA_confC,Activator,Hill_activator,0.241679666352542,0.880285260294967
CREB1,STAR,3,DoRothEA_confA,Activator,Hill_activator,-0.626853332217817,0.880622739347717
MEF2A,IPCEF1,1,DoRothEA_confC,Activator,Hill_activator,0.367196776481673,0.885926742497594
NR2F1,PHACTR3,1,DoRothEA_confC,Activator,Hill_activator,0.416750967463078,0.887653244015893
AR,PNRC1,3,DoRothEA_confA,Activator,Hill_activator,0.286720942962262,0.893369982479226
KLF5,RALGDS,1,DoRothEA_confC,Activator,Hill_activator,0.34690380959718,0.893369982479226
AR,ZFHX4,3,DoRothEA_confA,Activator,Hill_activator,-0.287682488768562,0.893369982479226
MAFB,APPL2,1,DoRothEA_confC,Activator,Hill_activator,-0.336181351442852,0.893730341317928
NR2F1,UNKL,1,DoRothEA_confC,Activator,Hill_activator,0.604809262199982,0.893730341317928
KLF5,STX1A,1,DoRothEA_confC,Activator,Hill_activator,0.618754820744662,0.89480826856199
MEF2A,LRCH1,1,DoRothEA_confC,Activator,Hill_activator,0.335070568069059,0.89597761624209
SMAD3,POR,3,DoRothEA_confA,Activator,Hill_activator,0.311304195951134,0.89597761624209
MEF2A,FAM129A,1,DoRothEA_confC,Activator,Hill_activator,0.966065668438377,0.900105464990387
POU2F1,VCAM1,3,DoRothEA_confA,Repressor,Hill_repressor,-0.923655433835156,0.900900236763953
CREB1,RARB,3,DoRothEA_confA,Activator,Hill_activator,-0.665640488105079,0.902376816628421
RARA,RARB,3,DoRothEA_confA,Activator,Hill_activator,-0.665640488105079,0.902376816628421
MEF2A,SVIL,1,DoRothEA_confC,Activator,Hill_activator,-0.490275949016359,0.907458568825519
KLF5,CD9,1,DoRothEA_confC,Activator,Hill_activator,0.855127152473742,0.909371405133567
AR,ZCCHC9,3,DoRothEA_confA,Activator,Hill_activator,-0.533799125181725,0.909371405133567
AR,PEX6,3,DoRothEA_confA,Activator,Hill_activator,-0.433480307344864,0.914009590149151
MYCN,CTSD,3,DoRothEA_confA,Activator,Hill_activator,-0.165000957547376,0.917700439566438
MYCN,TRP53,3,DoRothEA_confA,Activator,Hill_activator,-0.508921520824051,0.919744874812163
MEF2A,NFATC2,1,DoRothEA_confC,Activator,Hill_activator,0.414680044511423,0.9199580141751
KLF5,PPP1R13L,1,DoRothEA_confC,Activator,Hill_activator,-1.01148742561523,0.921469228070802
MEF2A,TNRC6B,1,DoRothEA_confC,Activator,Hill_activator,-0.180777233084728,0.921469228070802
KLF6,ZFP36L1,1,DoRothEA_confC,Activator,Hill_activator,-0.454062394487994,0.921469228070802
AR,FAM13A,3,DoRothEA_confA,Activator,Hill_activator,-0.481613490198999,0.922919681400578
KLF6,RND3,1,DoRothEA_confC,Activator,Hill_activator,-0.429747897397619,0.922919681400578
KLF6,MACF1,1,DoRothEA_confC,Activator,Hill_activator,0.239150044213324,0.926502637945258
MEF2A,MACF1,1,DoRothEA_confC,Activator,Hill_activator,0.239150044213324,0.926502637945258
AR,IL1R1,3,DoRothEA_confA,Activator,Hill_activator,0.596341388391691,0.931396692218307
MAFB,DST,1,DoRothEA_confC,Activator,Hill_activator,0.256789490391738,0.935803989822383
MEF2A,DST,1,DoRothEA_confC,Activator,Hill_activator,0.256789490391738,0.935803989822383
KLF4,PFKP,3,DoRothEA_confA,Activator,Hill_activator,0.298194785909392,0.937300475074687
MAFB,DOCK4,1,DoRothEA_confC,Activator,Hill_activator,0.214733639704477,0.943227193893265
PROX1,NEDD4L,1,DoRothEA_confC,Activator,Hill_activator,0.180793709582546,0.943227193893265
MAFB,NAV2,1,DoRothEA_confC,Activator,Hill_activator,0.30250978816274,0.943781036192758
KLF5,PPL,1,DoRothEA_confC,Activator,Hill_activator,0.981695766293064,0.954548792074278
MAFB,FLNB,1,DoRothEA_confC,Activator,Hill_activator,-0.316801411474539,0.966002161369009
KLF6,SH3RF1,1,DoRothEA_confC,Activator,Hill_activator,0.261668039864408,0.973896469316643
NR2F1,ARHGEF4,1,DoRothEA_confC,Activator,Hill_activator,-0.218998679724487,0.975682908609974
POU2F1,TSC22D3,3,DoRothEA_confA,Activator,Hill_activator,-0.38797653628729,0.975682908609974
AR,ATP2B4,3,DoRothEA_confA,Activator,Hill_activator,0.189156805473519,0.976281007788099
NR2F1,PAK4,1,DoRothEA_confC,Activator,Hill_activator,1.05774893646668,0.976281007788099
AR,TNFRSF1A,3,DoRothEA_confA,Activator,Hill_activator,0.903609237440531,0.976281007788099
AR,UBE2D3,3,DoRothEA_confA,Activator,Hill_activator,-0.166258517671953,0.976281007788099
MAFB,ZMIZ1,1,DoRothEA_confC,Activator,Hill_activator,0.154562500763279,0.976281007788099
KLF5,S100A16,1,DoRothEA_confC,Activator,Hill_activator,-0.793854117726224,0.978151363952913
CREB1,NF1,3,DoRothEA_confA,Activator,Hill_activator,0.159385262819165,0.980263269972685
KLF5,FOXQ1,1,DoRothEA_confC,Activator,Hill_activator,1.01427064319454,0.983422362305592
MAFB,JMJD1C,1,DoRothEA_confC,Activator,Hill_activator,-0.157709498556814,0.983422362305592
MEF2A,JMJD1C,1,DoRothEA_confC,Activator,Hill_activator,-0.157709498556814,0.983422362305592
NR2F1,PEPD,1,DoRothEA_confC,Activator,Hill_activator,0.635596474567857,0.983422362305592
MAFB,ST18,1,DoRothEA_confC,Activator,Hill_activator,-0.343203205889203,0.983422362305592
MYCN,MXI1,3,DoRothEA_confA,Repressor,Hill_repressor,0.26911502196927,0.99130835412331
KLF5,GPR137,1,DoRothEA_confC,Activator,Hill_activator,-0.400366836875708,0.993023281365829
AR,1700025G04RIK,3,DoRothEA_confA,Activator,Hill_activator,0.149670734467023,0.999941599553479
NR2F1,ABCA2,1,DoRothEA_confC,Activator,Hill_activator,0.00871210312660469,0.999941599553479
PROX1,ABCB1A,1,DoRothEA_confC,Activator,Hill_activator,0.222290924715022,0.999941599553479
AR,ABCE1,3,DoRothEA_confA,Activator,Hill_activator,0.17477328689564,0.999941599553479
KLF5,ACTN1,1,DoRothEA_confC,Activator,Hill_activator,0.172015092611964,0.999941599553479
KLF6,ACTN1,1,DoRothEA_confC,Activator,Hill_activator,0.172015092611964,0.999941599553479
MAFB,ADAMTS2,1,DoRothEA_confC,Activator,Hill_activator,0.0358211044968498,0.999941599553479
KLF5,ADAP1,1,DoRothEA_confC,Activator,Hill_activator,0.263249752867545,0.999941599553479
NR2F1,ADAP1,1,DoRothEA_confC,Activator,Hill_activator,0.263249752867545,0.999941599553479
PROX1,ADD3,1,DoRothEA_confC,Activator,Hill_activator,-0.183951387750373,0.999941599553479
CREB1,ADRA1A,3,DoRothEA_confA,Activator,Hill_activator,0.177649737966899,0.999941599553479
MEF2A,AFAP1,1,DoRothEA_confC,Activator,Hill_activator,0.0477050175063573,0.999941599553479
PROX1,AFAP1L2,1,DoRothEA_confC,Activator,Hill_activator,-0.250163483609276,0.999941599553479
NR2F1,AGPAT3,1,DoRothEA_confC,Activator,Hill_activator,0.158587418932172,0.999941599553479
NR2F1,AGT,1,DoRothEA_confC,Repressor,Hill_repressor,-0.0626073020850666,0.999941599553479
MAFB,AKAP13,1,DoRothEA_confC,Activator,Hill_activator,-0.00870631585344278,0.999941599553479
KLF5,ALDH3A2,1,DoRothEA_confC,Activator,Hill_activator,-0.0718464732671744,0.999941599553479
AR,ANAPC10,3,DoRothEA_confA,Activator,Hill_activator,-0.336164642358217,0.999941599553479
MAFB,ANKRD17,1,DoRothEA_confC,Activator,Hill_activator,-0.0951709050651454,0.999941599553479
KLF5,ANXA2,1,DoRothEA_confC,Activator,Hill_activator,-0.366952729782368,0.999941599553479
KLF6,ANXA2,1,DoRothEA_confC,Activator,Hill_activator,-0.366952729782368,0.999941599553479
AR,AP2M1,3,DoRothEA_confA,Activator,Hill_activator,-0.0258614003919391,0.999941599553479
MAFB,APBB2,1,DoRothEA_confC,Activator,Hill_activator,-0.0486854824710251,0.999941599553479
AR,APPBP2,3,DoRothEA_confA,Activator,Hill_activator,0.112736579656095,0.999941599553479
MEF2A,ARHGAP10,1,DoRothEA_confC,Activator,Hill_activator,0.570199567621282,0.999941599553479
MAFB,ARHGAP24,1,DoRothEA_confC,Activator,Hill_activator,-0.321210316280312,0.999941599553479
MEF2A,ARHGAP24,1,DoRothEA_confC,Activator,Hill_activator,-0.321210316280312,0.999941599553479
MEF2A,ARHGAP42,1,DoRothEA_confC,Activator,Hill_activator,0.192943994729461,0.999941599553479
PROX1,ARHGAP42,1,DoRothEA_confC,Activator,Hill_activator,0.192943994729461,0.999941599553479
NR2F1,ARHGEF1,1,DoRothEA_confC,Activator,Hill_activator,-0.395227244175373,0.999941599553479
MEF2A,ARHGEF12,1,DoRothEA_confC,Activator,Hill_activator,-0.013268152032208,0.999941599553479
NR2F1,ARHGEF2,1,DoRothEA_confC,Activator,Hill_activator,-0.0342977792003042,0.999941599553479
PROX1,ARHGEF2,1,DoRothEA_confC,Activator,Hill_activator,-0.0342977792003042,0.999941599553479
MEF2A,ARHGEF3,1,DoRothEA_confC,Activator,Hill_activator,0.147658133960702,0.999941599553479
KLF6,ARID5B,1,DoRothEA_confC,Activator,Hill_activator,-0.0627865870273056,0.999941599553479
KLF6,ASAP1,1,DoRothEA_confC,Activator,Hill_activator,0.058661119126513,0.999941599553479
MEF2A,ASAP1,1,DoRothEA_confC,Activator,Hill_activator,0.058661119126513,0.999941599553479
AR,ATF6,3,DoRothEA_confA,Activator,Hill_activator,-0.165816675352594,0.999941599553479
AR,ATM,3,DoRothEA_confA,Activator,Hill_activator,-0.0365383676266865,0.999941599553479
PROX1,ATP1A1,1,DoRothEA_confC,Activator,Hill_activator,0.0721809503717157,0.999941599553479
AR,BANF1,3,DoRothEA_confA,Activator,Hill_activator,-0.15201408404567,0.999941599553479
MEF2A,BCAS3,1,DoRothEA_confC,Activator,Hill_activator,0.278491572561168,0.999941599553479
CREB1,BCL2,3,DoRothEA_confA,Activator,Hill_activator,0.0463176841941815,0.999941599553479
PGR,BCL2,3,DoRothEA_confA,Activator,Hill_activator,0.0463176841941815,0.999941599553479
NR2F1,BEGAIN,1,DoRothEA_confC,Activator,Hill_activator,0.16805710548487,0.999941599553479
EPAS1,BHLHE40,3,DoRothEA_confA,Activator,Hill_activator,0.18011222546624,0.999941599553479
AR,BTD,3,DoRothEA_confA,Activator,Hill_activator,0.314148180583046,0.999941599553479
KLF5,C77080,1,DoRothEA_confC,Activator,Hill_activator,-0.452518299938633,0.999941599553479
MEF2A,CAB39,1,DoRothEA_confC,Activator,Hill_activator,0.16017009734727,0.999941599553479
MAFB,CACNA1D,1,DoRothEA_confC,Activator,Hill_activator,-0.212147316382659,0.999941599553479
MAFB,CACNA2D3,1,DoRothEA_confC,Activator,Hill_activator,0.174719750969127,0.999941599553479
EPAS1,CAR9,3,DoRothEA_confA,Activator,Hill_activator,-0.476293307164098,0.999941599553479
RARA,CASP9,3,DoRothEA_confA,Activator,Hill_activator,0.336736621767404,0.999941599553479
CREB1,CCND1,3,DoRothEA_confA,Activator,Hill_activator,-0.0530299119535682,0.999941599553479
KLF4,CCND1,3,DoRothEA_confA,Activator,Hill_activator,-0.0530299119535682,0.999941599553479
PGR,CCND1,3,DoRothEA_confA,Activator,Hill_activator,-0.0530299119535682,0.999941599553479
POU2F1,CCND1,3,DoRothEA_confA,Activator,Hill_activator,-0.0530299119535682,0.999941599553479
SMAD3,CCND2,3,DoRothEA_confA,Activator,Hill_activator,-0.088141104367208,0.999941599553479
AR,CCNG2,3,DoRothEA_confA,Activator,Hill_activator,-0.344894436883448,0.999941599553479
MEF2A,CDC42EP3,1,DoRothEA_confC,Activator,Hill_activator,-0.195816856970014,0.999941599553479
AR,CDH2,3,DoRothEA_confA,Activator,Hill_activator,-0.11107500105736,0.999941599553479
CREB1,CDK11B,3,DoRothEA_confA,Activator,Hill_activator,-0.0105455864572506,0.999941599553479
AR,CDKN1A,3,DoRothEA_confA,Activator,Hill_activator,0.624352792622161,0.999941599553479
KLF4,CDKN1A,3,DoRothEA_confA,Activator,Hill_activator,0.624352792622161,0.999941599553479
RARA,CDKN1A,3,DoRothEA_confA,Activator,Hill_activator,0.624352792622161,0.999941599553479
SMAD3,CDKN1A,3,DoRothEA_confA,Activator,Hill_activator,0.624352792622161,0.999941599553479
MEF2A,CDYL,1,DoRothEA_confC,Activator,Hill_activator,-0.0871694944770106,0.999941599553479
MEF2A,CHD9,1,DoRothEA_confC,Activator,Hill_activator,-0.108816418060102,0.999941599553479
KLF6,CLIP2,1,DoRothEA_confC,Activator,Hill_activator,0.241094715548186,0.999941599553479
AR,COASY,3,DoRothEA_confA,Activator,Hill_activator,-0.390283259475451,0.999941599553479
SMAD3,COL1A1,3,DoRothEA_confA,Activator,Hill_activator,-0.566189073205228,0.999941599553479
NR2F1,COL27A1,1,DoRothEA_confC,Activator,Hill_activator,0.31745034397569,0.999941599553479
KLF5,COL4A2,1,DoRothEA_confC,Activator,Hill_activator,-0.142141112463017,0.999941599553479
SMAD3,COL6A1,3,DoRothEA_confA,Activator,Hill_activator,0.423074145340068,0.999941599553479
NR2F1,CPNE7,1,DoRothEA_confC,Activator,Hill_activator,0.0707083515692675,0.999941599553479
AR,CPT2,3,DoRothEA_confA,Activator,Hill_activator,-0.461708356111321,0.999941599553479
NR2F1,CRB2,1,DoRothEA_confC,Activator,Hill_activator,-0.114995759515049,0.999941599553479
MEF2A,CRIM1,1,DoRothEA_confC,Activator,Hill_activator,-0.0320966494370381,0.999941599553479
NR2F1,CTBP2,1,DoRothEA_confC,Activator,Hill_activator,-0.25112153338782,0.999941599553479
NR2F1,CTIF,1,DoRothEA_confC,Activator,Hill_activator,0.0116817797990473,0.999941599553479
KLF6,CTNNBIP1,1,DoRothEA_confC,Activator,Hill_activator,-0.476063808580756,0.999941599553479
CREB1,CXCR4,3,DoRothEA_confA,Activator,Hill_activator,0.262886687409468,0.999941599553479
AR,DBI,3,DoRothEA_confA,Activator,Hill_activator,0.108401630874133,0.999941599553479
AR,DDT,3,DoRothEA_confA,Activator,Hill_activator,0.106517005721664,0.999941599553479
KLF5,DGKQ,1,DoRothEA_confC,Activator,Hill_activator,-0.226124320316964,0.999941599553479
CREB1,DIO2,3,DoRothEA_confA,Activator,Hill_activator,0.286551966141304,0.999941599553479
MAFB,DIP2C,1,DoRothEA_confC,Activator,Hill_activator,0.00784515380135614,0.999941599553479
MEF2A,DMD,1,DoRothEA_confC,Activator,Hill_activator,0.0505300169490739,0.999941599553479
PROX1,DNM2,1,DoRothEA_confC,Activator,Hill_activator,0.187194548293818,0.999941599553479
MAFB,DTNA,1,DoRothEA_confC,Activator,Hill_activator,-0.0170323470774385,0.999941599553479
KLF6,DUSP10,1,DoRothEA_confC,Activator,Hill_activator,0.402554376386793,0.999941599553479
KLF5,ECE1,1,DoRothEA_confC,Activator,Hill_activator,-0.0472514064128913,0.999941599553479
MEF2A,EEA1,1,DoRothEA_confC,Activator,Hill_activator,-0.102017922862144,0.999941599553479
MEF2A,EFR3A,1,DoRothEA_confC,Activator,Hill_activator,0.0556507867848605,0.999941599553479
AR,EGFR,3,DoRothEA_confA,Activator,Hill_activator,0.0128568630101708,0.999941599553479
EPAS1,EGLN3,3,DoRothEA_confA,Activator,Hill_activator,-1.32522511067097,0.999941599553479
CREB1,EGR1,3,DoRothEA_confA,Activator,Hill_activator,-0.0444588330666887,0.999941599553479
AR,EIF3I,3,DoRothEA_confA,Activator,Hill_activator,-0.0392897771254522,0.999941599553479
MAFB,ELMO1,1,DoRothEA_confC,Activator,Hill_activator,0.127320600924207,0.999941599553479
NR2F1,ELMSAN1,1,DoRothEA_confC,Activator,Hill_activator,0.178111245112137,0.999941599553479
KLF6,EPS8,1,DoRothEA_confC,Activator,Hill_activator,0.143532062670493,0.999941599553479
AR,ERBB3,3,DoRothEA_confA,Activator,Hill_activator,0.153027229813423,0.999941599553479
MEF2A,ERC1,1,DoRothEA_confC,Activator,Hill_activator,0.0568779648135547,0.999941599553479
MEF2A,ERCC1,1,DoRothEA_confC,Activator,Hill_activator,0.160036414982081,0.999941599553479
PGR,ESR1,3,DoRothEA_confA,Activator,Hill_activator,0.142745897683944,0.999941599553479
AR,ETL4,3,DoRothEA_confA,Repressor,Hill_repressor,-0.121247977271026,0.999941599553479
MEF2A,ETL4,1,DoRothEA_confC,Activator,Hill_activator,-0.121247977271026,0.999941599553479
CREB1,ETV3,3,DoRothEA_confA,Activator,Hill_activator,0.127033912719979,0.999941599553479
AR,EYA2,3,DoRothEA_confA,Activator,Hill_activator,-0.174486613644479,0.999941599553479
KLF5,FA2H,1,DoRothEA_confC,Activator,Hill_activator,0.115862355029668,0.999941599553479
AR,FAM174B,3,DoRothEA_confA,Activator,Hill_activator,0.402747247821032,0.999941599553479
KLF5,FASN,1,DoRothEA_confC,Activator,Hill_activator,0.0196865097725599,0.999941599553479
NR2F1,FBLN1,1,DoRothEA_confC,Activator,Hill_activator,0.497256846167685,0.999941599553479
MEF2A,FBXW11,1,DoRothEA_confC,Activator,Hill_activator,0.0703582413980166,0.999941599553479
MEF2A,FCHSD2,1,DoRothEA_confC,Activator,Hill_activator,0.109131449822988,0.999941599553479
NR2F1,FGD5,1,DoRothEA_confC,Activator,Hill_activator,-0.0301211791242419,0.999941599553479
CREB1,FLT1,3,DoRothEA_confA,Activator,Hill_activator,0.464939551865789,0.999941599553479
EPAS1,FLT1,3,DoRothEA_confA,Activator,Hill_activator,0.464939551865789,0.999941599553479
MAFB,FMN1,1,DoRothEA_confC,Activator,Hill_activator,0.320762224835181,0.999941599553479
CREB1,FN1,3,DoRothEA_confA,Activator,Hill_activator,-0.0852499765234235,0.999941599553479
CREB1,FOS,3,DoRothEA_confA,Activator,Hill_activator,-0.483485577814847,0.999941599553479
NR2F1,FSCN1,1,DoRothEA_confC,Activator,Hill_activator,-0.184040154962717,0.999941599553479
POU2F1,GADD45A,3,DoRothEA_confA,Activator,Hill_activator,0.256201499889149,0.999941599553479
NR2F1,GDPD5,1,DoRothEA_confC,Activator,Hill_activator,0.296455481838121,0.999941599553479
SMAD3,GLI2,3,DoRothEA_confA,Activator,Hill_activator,0.199195409117952,0.999941599553479
AR,GLRX,3,DoRothEA_confA,Activator,Hill_activator,-0.29398597196283,0.999941599553479
AR,GNL1,3,DoRothEA_confA,Activator,Hill_activator,0.0707081956009067,0.999941599553479
MEF2A,GOLIM4,1,DoRothEA_confC,Activator,Hill_activator,0.110514762406982,0.999941599553479
NR2F1,GPSM1,1,DoRothEA_confC,Activator,Hill_activator,0.0419526055701717,0.999941599553479
KLF5,GPX4,1,DoRothEA_confC,Activator,Hill_activator,-0.148995221555528,0.999941599553479
NR2F1,GRAMD4,1,DoRothEA_confC,Activator,Hill_activator,0.171569133585465,0.999941599553479
AR,GRB10,3,DoRothEA_confA,Activator,Hill_activator,0.0119259019365818,0.999941599553479
PROX1,GRIN2B,1,DoRothEA_confC,Activator,Hill_activator,0.0946548321458892,0.999941599553479
AR,GTF2F1,3,DoRothEA_confA,Activator,Hill_activator,0.220979825795113,0.999941599553479
CREB1,H2-AB1,3,DoRothEA_confA,Activator,Hill_activator,1.37675379257362,0.999941599553479
MAFB,HDAC4,1,DoRothEA_confC,Activator,Hill_activator,0.184432737709813,0.999941599553479
NR2F1,HDAC7,1,DoRothEA_confC,Activator,Hill_activator,-0.204504088593379,0.999941599553479
PGR,HLTF,3,DoRothEA_confA,Activator,Hill_activator,-0.0822762446073552,0.999941599553479
MEF2A,HMGB1,1,DoRothEA_confC,Activator,Hill_activator,-0.00923721942771644,0.999941599553479
CREB1,HPGD,3,DoRothEA_confA,Activator,Hill_activator,-0.451102258535394,0.999941599553479
POU2F1,HPGDS,3,DoRothEA_confA,Activator,Hill_activator,0.377655313984667,0.999941599553479
AR,HSD17B11,3,DoRothEA_confA,Activator,Hill_activator,0.207789749478765,0.999941599553479
KLF6,IER5,1,DoRothEA_confC,Activator,Hill_activator,-0.534637464933277,0.999941599553479
AR,IGF1R,3,DoRothEA_confA,Activator,Hill_activator,0.0533156473021142,0.999941599553479
KLF6,IGF1R,1,DoRothEA_confC,Activator,Hill_activator,0.0533156473021142,0.999941599553479
PROX1,IGF1R,1,DoRothEA_confC,Activator,Hill_activator,0.0533156473021142,0.999941599553479
NR2F1,IQSEC1,1,DoRothEA_confC,Activator,Hill_activator,0.149986933381883,0.999941599553479
SMAD3,ITGA11,3,DoRothEA_confA,Activator,Hill_activator,0.167650292225697,0.999941599553479
MEF2A,ITPR1,1,DoRothEA_confC,Activator,Hill_activator,-0.0643212941384439,0.999941599553479
AR,JUN,3,DoRothEA_confA,Activator,Hill_activator,0.0296202434508076,0.999941599553479
CREB1,JUN,3,DoRothEA_confA,Repressor,Hill_repressor,0.0296202434508076,0.999941599553479
MEF2A,JUN,1,DoRothEA_confC,Activator,Hill_activator,0.0296202434508076,0.999941599553479
SMAD3,JUN,3,DoRothEA_confA,Activator,Hill_activator,0.0296202434508076,0.999941599553479
KLF5,JUP,1,DoRothEA_confC,Activator,Hill_activator,0.172227948511737,0.999941599553479
NR2F1,KCNAB2,1,DoRothEA_confC,Activator,Hill_activator,-0.0675646232944364,0.999941599553479
AR,KCNH2,3,DoRothEA_confA,Activator,Hill_activator,-0.205106721218275,0.999941599553479
NR2F1,KIF21B,1,DoRothEA_confC,Activator,Hill_activator,-0.240099313508073,0.999941599553479
AR,KLF5,3,DoRothEA_confA,Activator,Hill_activator,0.118523597354843,0.999941599553479
MEF2A,KLF6,1,DoRothEA_confC,Activator,Hill_activator,-0.103629763081856,0.999941599553479
KLF4,LAMA3,3,DoRothEA_confA,Activator,Hill_activator,0.560165030995821,0.999941599553479
KLF5,LAMB3,1,DoRothEA_confC,Activator,Hill_activator,-0.452244176485035,0.999941599553479
KLF6,LDLR,1,DoRothEA_confC,Activator,Hill_activator,0.240579792757335,0.999941599553479
KLF6,LHFPL2,1,DoRothEA_confC,Activator,Hill_activator,-0.174490091858741,0.999941599553479
MEF2A,LHFPL2,1,DoRothEA_confC,Activator,Hill_activator,-0.174490091858741,0.999941599553479
NR2F1,LINGO1,1,DoRothEA_confC,Activator,Hill_activator,-0.128044072052106,0.999941599553479
KLF6,LMNA,1,DoRothEA_confC,Activator,Hill_activator,0.139923560072181,0.999941599553479
MEF2A,LMNA,1,DoRothEA_confC,Activator,Hill_activator,0.139923560072181,0.999941599553479
KLF5,LNX2,1,DoRothEA_confC,Activator,Hill_activator,0.467022297175832,0.999941599553479
NR2F1,LRP1,1,DoRothEA_confC,Activator,Hill_activator,0.0542664288261645,0.999941599553479
KLF6,LRRFIP1,1,DoRothEA_confC,Activator,Hill_activator,0.182198773875772,0.999941599553479
KLF5,LSR,1,DoRothEA_confC,Activator,Hill_activator,0.317115547807845,0.999941599553479
MEF2A,LTBP1,1,DoRothEA_confC,Activator,Hill_activator,-0.142611285538391,0.999941599553479
KLF5,LTBP3,1,DoRothEA_confC,Activator,Hill_activator,0.0523117485227909,0.999941599553479
RARA,MACROD1,3,DoRothEA_confA,Repressor,Hill_repressor,0.123837873720181,0.999941599553479
RARA,MAOB,3,DoRothEA_confA,Activator,Hill_activator,0.448272126600856,0.999941599553479
MEF2A,MBNL1,1,DoRothEA_confC,Activator,Hill_activator,0.0385017573984663,0.999941599553479
MYCN,MCM4,3,DoRothEA_confA,Activator,Hill_activator,-0.066811487269099,0.999941599553479
MYCN,MCM6,3,DoRothEA_confA,Activator,Hill_activator,0.205235699982592,0.999941599553479
MYCN,MCM8,3,DoRothEA_confA,Activator,Hill_activator,-0.249718236301685,0.999941599553479
MYCN,MDM2,3,DoRothEA_confA,Activator,Hill_activator,0.215291215508797,0.999941599553479
AR,MED1,3,DoRothEA_confA,Activator,Hill_activator,-0.107357742198514,0.999941599553479
MEF2A,MEF2D,1,DoRothEA_confC,Activator,Hill_activator,-0.184490097682628,0.999941599553479
MEF2A,METTL8,1,DoRothEA_confC,Activator,Hill_activator,0.0329540184645515,0.999941599553479
KLF5,MIB2,1,DoRothEA_confC,Activator,Hill_activator,-0.251626125869278,0.999941599553479
KLF5,MIDN,1,DoRothEA_confC,Activator,Hill_activator,-0.168398192342632,0.999941599553479
CREB1,MITF,3,DoRothEA_confA,Activator,Hill_activator,-0.413460938097739,0.999941599553479
AR,MRPS27,3,DoRothEA_confA,Activator,Hill_activator,0.225614231396367,0.999941599553479
KLF6,MSI2,1,DoRothEA_confC,Activator,Hill_activator,-0.0184602654839272,0.999941599553479
MEF2A,MSN,1,DoRothEA_confC,Activator,Hill_activator,-0.0736713979456524,0.999941599553479
AR,MT2,3,DoRothEA_confA,Activator,Hill_activator,0.211784279725008,0.999941599553479
MAFB,MTSS1,1,DoRothEA_confC,Activator,Hill_activator,-0.198523502619516,0.999941599553479
AR,MYC,3,DoRothEA_confA,Activator,Hill_activator,0.268534708098583,0.999941599553479
PGR,MYC,3,DoRothEA_confA,Activator,Hill_activator,0.268534708098583,0.999941599553479
POU2F1,MYC,3,DoRothEA_confA,Activator,Hill_activator,0.268534708098583,0.999941599553479
RARA,MYC,3,DoRothEA_confA,Activator,Hill_activator,0.268534708098583,0.999941599553479
SMAD3,MYC,3,DoRothEA_confA,Activator,Hill_activator,0.268534708098583,0.999941599553479
KLF5,MYH14,1,DoRothEA_confC,Activator,Hill_activator,-0.141562454815353,0.999941599553479
KLF6,MYH9,1,DoRothEA_confC,Activator,Hill_activator,0.226079634874355,0.999941599553479
MEF2A,MYH9,1,DoRothEA_confC,Activator,Hill_activator,0.226079634874355,0.999941599553479
MEF2A,MYLK,1,DoRothEA_confC,Activator,Hill_activator,0.297226787708817,0.999941599553479
NR2F1,MYO18A,1,DoRothEA_confC,Activator,Hill_activator,0.251448748222038,0.999941599553479
KLF5,MYO1C,1,DoRothEA_confC,Activator,Hill_activator,0.157767156466877,0.999941599553479
KLF5,MYO5B,1,DoRothEA_confC,Activator,Hill_activator,0.0187566501996021,0.999941599553479
MAFB,NBAS,1,DoRothEA_confC,Activator,Hill_activator,-0.131985940031831,0.999941599553479
AR,NCOA2,3,DoRothEA_confA,Repressor,Hill_repressor,-0.126799884896483,0.999941599553479
MEF2A,NCOA3,1,DoRothEA_confC,Activator,Hill_activator,-0.176398402537958,0.999941599553479
MEF2A,NCOA7,1,DoRothEA_confC,Activator,Hill_activator,-0.145189068152424,0.999941599553479
AR,NDRG1,3,DoRothEA_confA,Activator,Hill_activator,0.162980987003887,0.999941599553479
MYCN,NDRG1,3,DoRothEA_confA,Activator,Hill_activator,0.162980987003887,0.999941599553479
KLF6,NEDD9,1,DoRothEA_confC,Activator,Hill_activator,0.376896648779166,0.999941599553479
MEF2A,NEDD9,1,DoRothEA_confC,Activator,Hill_activator,0.376896648779166,0.999941599553479
MEF2A,NEK6,1,DoRothEA_confC,Activator,Hill_activator,0.037887822094197,0.999941599553479
NR2F1,NEK6,1,DoRothEA_confC,Activator,Hill_activator,0.037887822094197,0.999941599553479
MEF2A,NEK7,1,DoRothEA_confC,Activator,Hill_activator,-0.0377485470398291,0.999941599553479
MYCN,NES,3,DoRothEA_confA,Activator,Hill_activator,-0.130119642310026,0.999941599553479
KLF5,NFE2L2,1,DoRothEA_confC,Activator,Hill_activator,-0.411947054132453,0.999941599553479
MEF2A,NIN,1,DoRothEA_confC,Activator,Hill_activator,-0.203439107459887,0.999941599553479
AR,NME7,3,DoRothEA_confA,Activator,Hill_activator,0.0591755615884739,0.999941599553479
CREB1,NOLC1,3,DoRothEA_confA,Activator,Hill_activator,0.229602277385248,0.999941599553479
KLF5,NOTCH1,1,DoRothEA_confC,Activator,Hill_activator,0.0679374738624332,0.999941599553479
AR,NPAT,3,DoRothEA_confA,Activator,Hill_activator,0.171063684119931,0.999941599553479
AR,NPEPPS,3,DoRothEA_confA,Activator,Hill_activator,0.111260989109057,0.999941599553479
CREB1,NPY,3,DoRothEA_confA,Activator,Hill_activator,0.329736754388627,0.999941599553479
CREB1,NR4A3,3,DoRothEA_confA,Activator,Hill_activator,-0.105974873850269,0.999941599553479
PROX1,NRP2,1,DoRothEA_confC,Activator,Hill_activator,0.0913869569678728,0.999941599553479
NR2F1,NRXN2,1,DoRothEA_confC,Activator,Hill_activator,0.0631311395774613,0.999941599553479
CREB1,NTS,3,DoRothEA_confA,Activator,Hill_activator,-0.45807426392908,0.999941599553479
MEF2A,NUMB,1,DoRothEA_confC,Activator,Hill_activator,-0.462875762874083,0.999941599553479
AR,NUP214,3,DoRothEA_confA,Activator,Hill_activator,0.103452291171451,0.999941599553479
PROX1,OSBPL10,1,DoRothEA_confC,Activator,Hill_activator,0.107382980367002,0.999941599553479
NR2F1,OSBPL5,1,DoRothEA_confC,Activator,Hill_activator,0.292968836431678,0.999941599553479
NR2F1,PALM,1,DoRothEA_confC,Activator,Hill_activator,0.00188414921106212,0.999941599553479
MEF2A,PAM,1,DoRothEA_confC,Activator,Hill_activator,0.0912045520354324,0.999941599553479
CREB1,PCSK1,3,DoRothEA_confA,Activator,Hill_activator,0.205978055622104,0.999941599553479
MAFB,PCSK2,1,DoRothEA_confC,Activator,Hill_activator,0.166424945513951,0.999941599553479
PROX1,PCYT1A,1,DoRothEA_confC,Activator,Hill_activator,-0.0499132832702442,0.999941599553479
NR2F1,PDXK,1,DoRothEA_confC,Activator,Hill_activator,-0.00938205175482967,0.999941599553479
CREB1,PDYN,3,DoRothEA_confA,Activator,Hill_activator,0.266325264378711,0.999941599553479
MEF2A,PEAK1,1,DoRothEA_confC,Activator,Hill_activator,0.0718465704270705,0.999941599553479
MAFB,PHLDB2,1,DoRothEA_confC,Activator,Hill_activator,0.187802966213453,0.999941599553479
MEF2A,PHTF2,1,DoRothEA_confC,Activator,Hill_activator,-0.332777126504429,0.999941599553479
MEF2A,PICALM,1,DoRothEA_confC,Activator,Hill_activator,-0.0481010734444502,0.999941599553479
CREB1,PLAT,3,DoRothEA_confA,Repressor,Hill_repressor,0.122161209137161,0.999941599553479
RARA,PLAT,3,DoRothEA_confA,Activator,Hill_activator,0.122161209137161,0.999941599553479
PROX1,PLCB4,1,DoRothEA_confC,Activator,Hill_activator,-0.118355540830824,0.999941599553479
MEF2A,PLCL2,1,DoRothEA_confC,Activator,Hill_activator,0.0138259596662438,0.999941599553479
KLF5,PLEC,1,DoRothEA_confC,Activator,Hill_activator,0.186973014253744,0.999941599553479
KLF6,PLEC,1,DoRothEA_confC,Activator,Hill_activator,0.186973014253744,0.999941599553479
PROX1,PLEKHA7,1,DoRothEA_confC,Activator,Hill_activator,0.0456161191405678,0.999941599553479
AR,PMEPA1,3,DoRothEA_confA,Activator,Hill_activator,-0.0576284082210833,0.999941599553479
CREB1,POLD2,3,DoRothEA_confA,Activator,Hill_activator,-0.0157898585791363,0.999941599553479
MEF2A,PRDM2,1,DoRothEA_confC,Activator,Hill_activator,0.24875672879138,0.999941599553479
MAFB,PREX1,1,DoRothEA_confC,Activator,Hill_activator,-0.0731915857184219,0.999941599553479
NR2F1,PRKAR1B,1,DoRothEA_confC,Activator,Hill_activator,0.180802248871354,0.999941599553479
RARA,PRKCA,3,DoRothEA_confA,Activator,Hill_activator,0.0529974307959354,0.999941599553479
AR,PRKCD,3,DoRothEA_confA,Activator,Hill_activator,-0.00327760034720197,0.999941599553479
KLF5,PRKCZ,1,DoRothEA_confC,Activator,Hill_activator,0.141880413638835,0.999941599553479
AR,PRPS1,3,DoRothEA_confA,Activator,Hill_activator,-0.194983395516811,0.999941599553479
AR,PRPS1L3,3,DoRothEA_confA,Activator,Hill_activator,-0.473545976603921,0.999941599553479
CREB1,PSEN1,3,DoRothEA_confA,Activator,Hill_activator,0.019630623679022,0.999941599553479
KLF5,PTCH1,1,DoRothEA_confC,Activator,Hill_activator,0.0628332008819894,0.999941599553479
KLF6,PTP4A1,1,DoRothEA_confC,Activator,Hill_activator,0.462428231586249,0.999941599553479
AR,PTPN9,3,DoRothEA_confA,Activator,Hill_activator,-0.244786912566056,0.999941599553479
KLF5,RAB11A,1,DoRothEA_confC,Activator,Hill_activator,0.0675342943705583,0.999941599553479
KLF5,RAB11FIP1,1,DoRothEA_confC,Activator,Hill_activator,0.404064014262355,0.999941599553479
MEF2A,RAB11FIP1,1,DoRothEA_confC,Activator,Hill_activator,0.404064014262355,0.999941599553479
MEF2A,RABGAP1L,1,DoRothEA_confC,Activator,Hill_activator,0.1101352335441,0.999941599553479
KLF4,RARA,3,DoRothEA_confA,Repressor,Hill_repressor,0.301776664854008,0.999941599553479
KLF6,RBCK1,1,DoRothEA_confC,Activator,Hill_activator,-0.132394207511311,0.999941599553479
AR,RBMX,3,DoRothEA_confA,Activator,Hill_activator,-0.138952542086958,0.999941599553479
AR,RBMXL1,3,DoRothEA_confA,Activator,Hill_activator,-0.0547166573993262,0.999941599553479
MEF2A,RBPJ,1,DoRothEA_confC,Activator,Hill_activator,-0.14852745202244,0.999941599553479
AR,RBPMS,3,DoRothEA_confA,Activator,Hill_activator,-0.468040312698612,0.999941599553479
AR,RELA,3,DoRothEA_confA,Repressor,Hill_repressor,0.347459856676778,0.999941599553479
MEF2A,RIN2,1,DoRothEA_confC,Activator,Hill_activator,0.266203483656663,0.999941599553479
AR,RNASE4,3,DoRothEA_confA,Activator,Hill_activator,-0.115185535314963,0.999941599553479
CREB1,RRM2B,3,DoRothEA_confA,Activator,Hill_activator,-0.0197710969203739,0.999941599553479
POU2F1,RRM2B,3,DoRothEA_confA,Activator,Hill_activator,-0.0197710969203739,0.999941599553479
MAFB,RTN1,1,DoRothEA_confC,Activator,Hill_activator,0.0612514796446351,0.999941599553479
KLF5,RXRA,1,DoRothEA_confC,Activator,Hill_activator,0.0180706987508431,0.999941599553479
MEF2A,SAMD4,1,DoRothEA_confC,Activator,Hill_activator,0.196237140644887,0.999941599553479
MEF2A,SASH1,1,DoRothEA_confC,Activator,Hill_activator,-0.174625547733259,0.999941599553479
RARA,SCD2,3,DoRothEA_confA,Activator,Hill_activator,0.110937479389151,0.999941599553479
AR,SCNN1A,3,DoRothEA_confA,Activator,Hill_activator,0.0270419666632173,0.999941599553479
KLF5,SCNN1A,1,DoRothEA_confC,Activator,Hill_activator,0.0270419666632173,0.999941599553479
AR,SDF2,3,DoRothEA_confA,Activator,Hill_activator,0.0391753761148938,0.999941599553479
NR2F1,SDK2,1,DoRothEA_confC,Activator,Hill_activator,-0.00527223001850207,0.999941599553479
MAFB,SEC14L1,1,DoRothEA_confC,Activator,Hill_activator,-0.352236944481323,0.999941599553479
PROX1,SEMA3A,1,DoRothEA_confC,Activator,Hill_activator,0.0437447228619496,0.999941599553479
AR,SERPINI1,3,DoRothEA_confA,Activator,Hill_activator,-0.0149056694604356,0.999941599553479
KLF6,SH3BP2,1,DoRothEA_confC,Activator,Hill_activator,-0.544987710019189,0.999941599553479
KLF6,SH3BP4,1,DoRothEA_confC,Activator,Hill_activator,0.338954472329381,0.999941599553479
EPAS1,SLC11A2,3,DoRothEA_confA,Activator,Hill_activator,0.00287600222732233,0.999941599553479
CREB1,SLC19A1,3,DoRothEA_confA,Activator,Hill_activator,-0.0439467844911306,0.999941599553479
CREB1,SLC20A1,3,DoRothEA_confA,Activator,Hill_activator,-0.326457625303025,0.999941599553479
AR,SLC25A11,3,DoRothEA_confA,Activator,Hill_activator,-0.197094748401658,0.999941599553479
KLF5,SLC2A1,1,DoRothEA_confC,Activator,Hill_activator,-0.0183425926139551,0.999941599553479
MAFB,SLC39A11,1,DoRothEA_confC,Activator,Hill_activator,-0.206994105389924,0.999941599553479
KLF5,SLC48A1,1,DoRothEA_confC,Activator,Hill_activator,-0.0317550522562409,0.999941599553479
SMAD3,SMAD7,3,DoRothEA_confA,Activator,Hill_activator,0.130546271967246,0.999941599553479
AR,SMARCA2,3,DoRothEA_confA,Activator,Hill_activator,0.121982343792708,0.999941599553479
AR,SMS,3,DoRothEA_confA,Activator,Hill_activator,0.0876547230934358,0.999941599553479
MAFB,SMYD3,1,DoRothEA_confC,Activator,Hill_activator,-0.175262471027387,0.999941599553479
MAFB,SNX29,1,DoRothEA_confC,Activator,Hill_activator,-0.337665479891719,0.999941599553479
AR,SORD,3,DoRothEA_confA,Activator,Hill_activator,0.169976822338581,0.999941599553479
PROX1,SOX13,1,DoRothEA_confC,Activator,Hill_activator,-0.138801904268602,0.999941599553479
AR,SOX4,3,DoRothEA_confA,Activator,Hill_activator,0.153885673574528,0.999941599553479
MAFB,SOX9,1,DoRothEA_confC,Activator,Hill_activator,-0.112161024752846,0.999941599553479
MAFB,SPAG9,1,DoRothEA_confC,Activator,Hill_activator,-0.0314072704427502,0.999941599553479
POU2F1,SPI1,3,DoRothEA_confA,Activator,Hill_activator,-0.827452693918448,0.999941599553479
PROX1,SPRED2,1,DoRothEA_confC,Activator,Hill_activator,-0.229237441910381,0.999941599553479
KLF5,SREBF1,1,DoRothEA_confC,Activator,Hill_activator,0.147758771438769,0.999941599553479
KLF6,SREBF1,1,DoRothEA_confC,Activator,Hill_activator,0.147758771438769,0.999941599553479
MEF2A,ST6GAL1,1,DoRothEA_confC,Activator,Hill_activator,0.00379567737481226,0.999941599553479
POU2F1,ST6GAL1,3,DoRothEA_confA,Activator,Hill_activator,0.00379567737481226,0.999941599553479
MEF2A,STARD13,1,DoRothEA_confC,Activator,Hill_activator,-0.203375415363299,0.999941599553479
AR,STK39,3,DoRothEA_confA,Activator,Hill_activator,0.196729497200845,0.999941599553479
MAFB,SYNE1,1,DoRothEA_confC,Activator,Hill_activator,0.102054594967481,0.999941599553479
MEF2A,SYNE1,1,DoRothEA_confC,Activator,Hill_activator,0.102054594967481,0.999941599553479
NR2F1,SYNJ2,1,DoRothEA_confC,Activator,Hill_activator,0.142404147851212,0.999941599553479
KLF6,TACC1,1,DoRothEA_confC,Activator,Hill_activator,-0.101796193733332,0.999941599553479
MAFB,TACC2,1,DoRothEA_confC,Activator,Hill_activator,-0.0977274830206549,0.999941599553479
NR2F1,TACC2,1,DoRothEA_confC,Activator,Hill_activator,-0.0977274830206549,0.999941599553479
MAFB,TBC1D14,1,DoRothEA_confC,Activator,Hill_activator,0.0104281234989159,0.999941599553479
MEF2A,TBL1XR1,1,DoRothEA_confC,Activator,Hill_activator,-0.229858423719925,0.999941599553479
KLF5,TCF3,1,DoRothEA_confC,Activator,Hill_activator,-0.3358426731182,0.999941599553479
MEF2A,TCF4,1,DoRothEA_confC,Activator,Hill_activator,0.0528617186566815,0.999941599553479
MAFB,TENM2,1,DoRothEA_confC,Activator,Hill_activator,0.0795970485565592,0.999941599553479
AR,TESK1,3,DoRothEA_confA,Activator,Hill_activator,-0.261524576627128,0.999941599553479
CREB1,TH,3,DoRothEA_confA,Activator,Hill_activator,-0.0254185764996053,0.999941599553479
KLF4,THBD,3,DoRothEA_confA,Activator,Hill_activator,-0.360849474152694,0.999941599553479
RARA,THBD,3,DoRothEA_confA,Activator,Hill_activator,-0.360849474152694,0.999941599553479
AR,THRA,3,DoRothEA_confA,Activator,Hill_activator,0.0133344484871401,0.999941599553479
MAFB,TJP2,1,DoRothEA_confC,Activator,Hill_activator,0.169348923741387,0.999941599553479
MEF2A,TJP2,1,DoRothEA_confC,Activator,Hill_activator,0.169348923741387,0.999941599553479
SMAD3,TNC,3,DoRothEA_confA,Activator,Hill_activator,-0.550514920304993,0.999941599553479
NR2F1,TNK2,1,DoRothEA_confC,Activator,Hill_activator,0.0297928603990064,0.999941599553479
CREB1,TRH,3,DoRothEA_confA,Activator,Hill_activator,-0.144631816578811,0.999941599553479
AR,TRPS1,3,DoRothEA_confA,Activator,Hill_activator,-0.128238831219419,0.999941599553479
POU2F1,TXNRD1,3,DoRothEA_confA,Activator,Hill_activator,-0.0682572518149284,0.999941599553479
NR2F1,UBAC1,1,DoRothEA_confC,Activator,Hill_activator,0.057291708719551,0.999941599553479
AR,UBC,3,DoRothEA_confA,Activator,Hill_activator,-0.0658584598605408,0.999941599553479
CREB1,UGT8A,3,DoRothEA_confA,Activator,Hill_activator,-0.0248777273957426,0.999941599553479
MEF2A,UTRN,1,DoRothEA_confC,Activator,Hill_activator,-0.177530498053002,0.999941599553479
POU2F1,VWF,3,DoRothEA_confA,Activator,Hill_activator,-0.364518326009016,0.999941599553479
MAFB,WDFY3,1,DoRothEA_confC,Activator,Hill_activator,0.0938345816311544,0.999941599553479
KLF6,WFS1,1,DoRothEA_confC,Activator,Hill_activator,-0.0983346466938083,0.999941599553479
KLF5,WWC1,1,DoRothEA_confC,Activator,Hill_activator,-0.237244274915943,0.999941599553479
AR,XPA,3,DoRothEA_confA,Activator,Hill_activator,0.171081071851052,0.999941599553479
KLF6,XXYLT1,1,DoRothEA_confC,Activator,Hill_activator,0.0214109870317117,0.999941599553479
MEF2A,XYLT1,1,DoRothEA_confC,Activator,Hill_activator,-0.0242795682346227,0.999941599553479
KLF5,YWHAZ,1,DoRothEA_confC,Activator,Hill_activator,-0.0883344852253746,0.999941599553479
MAFB,ZBTB20,1,DoRothEA_confC,Activator,Hill_activator,-0.0284076175010607,0.999941599553479
KLF5,ZBTB7C,1,DoRothEA_confC,Activator,Hill_activator,0.0951914618076522,0.999941599553479
MEF2A,ZEB1,1,DoRothEA_confC,Activator,Hill_activator,0.0433158657581705,0.999941599553479
KLF5,ZFP217,1,DoRothEA_confC,Activator,Hill_activator,-0.567778708281795,0.999941599553479
SMAD3,ZFP36,3,DoRothEA_confA,Activator,Hill_activator,-0.432948206035922,0.999941599553479
KLF6,ZFP36L2,1,DoRothEA_confC,Activator,Hill_activator,-0.026329366136599,0.999941599553479
MEF2A,ZFP385B,1,DoRothEA_confC,Activator,Hill_activator,0.104343524415868,0.999941599553479
PROX1,ZFP608,1,DoRothEA_confC,Activator,Hill_activator,-0.157578037501839,0.999941599553479
NR2F1,ZFYVE28,1,DoRothEA_confC,Activator,Hill_activator,0.0622384609147197,0.999941599553479
